{
  "setting": {
    "es6": false,
    "postcss": false,
    "compileWorklet": false,
    "minified": false,
    "uglifyFileName": false,
    "uploadWithSourceMap": true,
    "enhance": false,
    "packNpmManually": false,
    "packNpmRelationList": [],
    "minifyWXSS": true,
    "minifyWXML": true,
    "localPlugins": false,
    "disableUseStrict": false,
    "useCompilerPlugins": false,
    "condition": false,
    "swc": false,
    "disableSWC": true,
    "babelSetting": {
      "ignore": [],
      "disablePlugins": [],
      "outputPath": ""
    }
  },
  "compileType": "miniprogram",
  "simulatorPluginLibVersion": {},
  "packOptions": {
    "ignore": [],
    "include": []
  },
  "appid": "wx5987f5d750dbd4e9",
  "editorSetting": {}
}